HTA_maille,surface_tertiaire_electricite,surface_tertiaire_non_electricite,surface_residentiel_collectif_electricite,surface_residentiel_collectif_non_electricite,surface_residentiel_individuel_electricite,surface_residentiel_individuel_non_electricite,surface_dependance,surface_secondaire,CARREAU_nb_individus_0_3,CARREAU_nb_individus_4_5,CARREAU_nb_individus_6_10,CARREAU_nb_individus_11_17,CARREAU_nb_individus_18_24,CARREAU_nb_individus_25_39,CARREAU_nb_individus_40_54,CARREAU_nb_individus_55_64,CARREAU_nb_individus_65_79,CARREAU_nb_individus_80_plus,CARREAU_nb_individus_age_inconnu,CARREAU_revenu_bat,FUS_nb_log,CARREAU_nb_menages,CARREAU_nb_menages_pauvres,CARREAU_nb_menages_1_individu,CARREAU_nb_menages_5_indiv_et_plus,CARREAU_nb_menages_proprietaires,CARREAU_nb_menages_monoparentaux,CARREAU_surface_logements_carreau,CARREAU_nb_menages_logements_collectifs,CARREAU_nb_menages_maisons,CARREAU_nb_logements_sociaux,CARREAU_nb_individus,BDNB_hauteur,FUS_annee_construction,CARREAU_surface_par_personne,CARREAU_age_moyen_occupants,CARREAU_revenu_par_habitant,pred_residential_mwh,pred_non_residential_mwh,pred_total_mwh,aggregation_type,source_meshes,n_base_meshes_combined
F01,32780.74708,50109.24,70449.96709,129941.6773,823.7775,2625.809678,95.255,232.525,109.048259,53.27740272,150.2750123,164.7105809,204.5481473,612.1916963,441.1695104,232.7983069,308.9260119,147.5504804,1.713935255,58393838.59,4115.185713,1240.620034,188.0517022,608.125888,59.2064296,575.0040001,126.5250836,86176.13377,1229.843895,10.77613961,202.6657064,2426.209343,20.98806511,1976.59113,84.01634101,40.04932406,24067.9308,3972.494384,8616.085707,12588.58009,base_mesh,F01,1
F02,34677.78894,68357.65783,110300.7865,231271.447,6540.777663,34971.05195,979.3890654,0,146.7198041,69.98412303,200.5052377,278.4484404,333.1991788,997.4681067,702.4894474,456.5442385,558.8474772,219.051187,8.850575382,92853685.27,6364.183442,2130.888371,459.6455634,1131.90333,85.89939092,717.5241096,227.1655837,142532.6266,2071.939655,58.94871524,616.7925021,3972.107816,15.30588465,1930.272355,96.44352088,41.28569856,23376.42621,6869.455182,10519.12853,17388.58371,base_mesh,F02,1
F03_F04_F05_F17,133696.5292,274775.8744,538212.6185,902761.0874,9099.930112,61417.96171,8394.8447,584.7808213,487.0360823,264.1726278,655.8888009,932.2753659,1425.404693,3482.969657,2470.614303,1423.187856,1848.333439,910.5477213,13.3360212,389537722.7,22487.57669,7454.518421,1143.440315,3854.530826,299.5392676,3176.390846,673.4310333,568422.2707,7270.870474,183.6479477,823.8529692,13913.76657,19.16403997,1921.164933,109.0947725,41.17374938,27996.56878,26840.56396,42680.41592,69520.97988,base_mesh,"F03,F04,F05,F17",4
F07,37823.55614,77744.09016,165566.2855,295987.1929,3303.911936,33994.80476,1846.945442,2755.790296,284.2930443,131.9503589,330.9836545,392.2895625,543.9820299,1719.4458,1137.406052,551.489531,601.4477341,381.8824165,7.879385394,139090912.1,12032.50556,3255.046092,510.1678694,1687.006781,134.9623977,1416.899424,348.3506774,203083.0768,3134.143385,120.9027065,309.0337764,6083.049569,16.12184933,1973.639137,82.08109301,39.06625758,22865.32611,9288.094492,11764.33557,21052.43006,base_mesh,F07,1
F08,59221.21864,125954.8927,67066.43557,413261.8601,2076.75,21282.58841,1176.995,12164.75529,249.5372282,128.4988555,357.5652724,446.6947938,451.9463613,1304.939202,996.8633898,567.9881611,666.9467437,369.2459679,8.937772303,117189021.9,9094.753486,2718.468386,571.8878999,1283.780809,178.6571271,1049.031787,316.6034347,182378.4704,2675.952232,42.51615349,729.58329,5549.163748,18.12901435,1979.855131,90.79603648,39.8924389,21118.32111,7809.730597,19732.54998,27542.28058,base_mesh,F08,1
F09,7375.82494,175681.6361,62412.925,237232.1055,3163.25494,43679.06,181.205,0,172.6339715,95.26359711,212.1176532,291.947829,279.710501,716.1075202,664.9187383,372.1770062,451.3642646,165.8814249,0.617286106,80896654.09,7824.297833,1566.293868,212.4923975,625.6629179,113.3133103,790.5392337,172.1692348,116303.5902,1436.141838,130.1520296,304.7157297,3422.739792,14.67801093,1989.604627,101.2485338,39.51660894,23635.05817,5187.061103,18956.2586,24143.31971,base_mesh,F09,1
F10,60596.6749,66289.40624,62748.7902,468129.0881,10913.1975,42184.5782,7149.17,15067.3142,409.8528771,194.5730469,500.081393,664.1361147,608.0702506,1548.078393,1372.307621,766.5930688,843.3267303,422.9145577,16.276939,151902746.8,17035.54176,3353.623812,606.282355,1398.249409,257.1785514,1482.534602,445.1593046,233963.4193,3140.044577,213.5792351,1021.327954,7346.210992,16.15545604,1978.038181,79.58263038,38.64235681,20677.69996,8888.500032,13653.62592,22542.12595,base_mesh,F10,1
F12,16942.73577,219666.119,8354.718677,508315.3397,4564.681357,31313.71652,563.77,618.4800419,445.8820149,241.3913056,535.6959787,659.301678,599.686385,1521.100332,1302.266788,730.3975702,754.6263578,392.7718974,3.526000083,132761132.4,12869.72336,3244.260425,879.9742097,1383.612264,292.7379887,1129.478516,479.937029,212705.2884,3134.69317,109.5672542,1369.458937,7186.646308,15.19354958,1975.718701,76.885439,37.41987457,18473.30823,7602.99986,20636.68259,28239.68245,base_mesh,F12,1
F13,22193.57,240567.1447,22276.875,647912.4205,1392.48,22228.92957,1844.995922,396.865,515.907405,278.0705025,711.8131674,982.4842583,663.9372248,1471.067905,1645.625583,1016.0395,1260.311766,401.120816,40.21444409,163642364.8,11021.65961,3771.421413,1074.694209,1471.380142,459.6210683,1533.896334,551.8161478,279601.0239,3713.258588,58.16282525,1657.402144,8986.592572,21.76110016,1985.553352,77.20509187,38.404744,18209.6121,8908.150894,25342.66022,34250.81111,base_mesh,F13,1
F14,23407.9,180800.8849,1511.605,257050.3877,7405.29,25989.87,0,34781.79,165.1566838,82.56338544,221.1906166,289.8134089,219.2515287,525.3715444,493.4234758,333.7208836,377.4593015,180.1195156,8.59092565,53349080.81,4881.314225,1242.477501,356.8934599,508.62996,154.3723928,405.4256625,165.3471501,93256.46301,1194.457804,48.01969734,602.6350203,2896.66127,15.79601404,1984.206915,100.7909194,39.14744195,18417.4385,3608.661173,22342.08372,25950.74489,base_mesh,F14,1
F15,9452.63472,56937.71577,96216.46463,472676.3958,7249.837848,31749.1514,2313.131678,870.99,253.2987763,126.128391,265.65952,353.216186,470.7122075,1454.793576,973.1245779,587.9888552,730.7016372,445.1883086,3.752024632,142210554.9,9984.256604,2988.031424,434.3652777,1517.848375,110.9320307,1506.274193,262.6106312,209158.3488,2804.557638,183.4737859,340.9275074,5664.564061,12.69747292,1965.436008,107.3867456,41.59718084,25105.29555,9459.568478,5893.196577,15352.76506,base_mesh,F15,1
F16,18629.90803,97400.10878,57268.9153,292355.8181,9310.186111,41033.55812,1952.040629,5147.765754,189.1554474,98.4237132,204.6880227,285.2767711,375.3299397,976.0969066,653.4154416,428.7447138,466.5755388,270.2505987,0.622728953,82800887.41,13995.64288,2019.24053,455.8164158,1018.595876,115.8721268,804.7348869,234.7144844,130119.8053,1888.290667,130.9498633,581.902769,3948.579823,14.58809858,1977.007339,101.3570234,40.08039134,20969.78943,6252.492062,10909.90944,17162.4015,base_mesh,F16,1
F18,32827.02703,179655.8161,143278.8597,409728.2232,1069.1875,12880.2536,6855.645,1593.005,269.2749989,131.4649781,380.6712467,580.5031065,576.9537065,1447.273869,1244.86424,598.2518371,796.3195821,387.4082495,12.39288801,165146908.4,9174.165442,3119.707379,472.3764473,1452.928781,196.6063579,1195.781409,346.92394,243348.7356,3110.319099,9.388279681,811.7014039,6425.378703,20.84936303,1943.380571,88.23705967,39.68108909,25702.28402,9639.699278,20798.87954,30438.57882,base_mesh,F18,1
F20,28177.52184,80807.15181,280775.231,581408.1745,11582.52146,45279.97966,9270.584002,125.17,442.1598978,210.867194,531.8625776,657.4560294,815.8540397,2416.08543,1718.288615,986.235818,1205.404015,754.8789599,3.719594503,233573753.9,16215.98912,5107.468551,868.8296604,2581.006608,214.1096888,2318.069913,494.4652272,354782.1663,4905.524904,201.9436472,810.8219715,9742.812171,18.0913057,1964.695847,94.35679971,41.04702888,23973.95637,16003.03729,9555.991065,25559.02835,base_mesh,F20,1
F22,15012.36695,54457.182,146311.5518,503701.9942,7213.374078,53569.35377,2617.325406,0,333.5900476,167.2766587,390.784531,514.7518708,564.0061404,1760.760046,1307.302486,697.5607265,825.7469749,483.4444229,6.980415671,165029098.6,14697.23375,3616.594382,607.3959172,1743.499316,154.317935,1645.66822,399.8953015,251003.3404,3456.399273,160.1951083,632.2454832,7052.20432,16.02360424,1968.467615,100.8702303,40.16744386,23401.06598,10877.44443,6182.231978,17059.67641,base_mesh,F22,1
F23,13983.06078,89108.87536,74604.01049,347197.1595,1251.235,40277.62788,1134.965,0,268.3794337,132.9470715,320.5335407,408.5557312,378.0576594,1208.725458,946.3142164,498.2030206,541.860366,340.6524078,3.992622986,103722463.6,9808.605285,2566.001674,496.3748415,1282.636413,154.9176859,1044.364786,336.7235266,164056.4802,2501.61077,64.39090411,652.0421533,5048.221528,15.79810612,1972.087604,91.78084405,39.22025863,20546.33756,7181.346623,8852.207283,16033.55391,base_mesh,F23,1
F25,43393.58679,51476.35651,208621.669,359833.9605,4066.792126,12591.05001,3046.982473,0,276.7842632,143.3694539,288.3038286,390.2135308,603.4903005,1871.09648,1174.546159,612.3767229,740.0259141,361.5320224,0.035020661,168291174.8,9706.581997,3555.957226,504.5312322,1914.83949,111.5797739,1604.839749,307.4392557,240336.2476,3451.279108,104.678118,225.8062051,6461.773695,18.88687234,1956.629311,90.54997888,39.77705301,26044.11463,11154.5646,9430.40505,20584.96965,base_mesh,F25,1
F27,47713.10325,37766.50762,241308.1989,291823.2891,14119.35606,36640.45023,4501.064229,5984.135,291.3314944,148.9255837,337.5331816,424.9943558,595.0254558,1898.80443,1175.15098,674.9816129,841.2719552,507.0422095,1.876650615,163235848.9,12195.80861,3813.420203,590.8929467,2065.107783,133.8539088,1806.946507,356.1646409,251205.4403,3681.935093,131.4851094,287.1959868,6896.937909,19.09230346,1958.573482,84.70127061,40.89906266,23667.87276,11991.38886,8458.335917,20449.72478,base_mesh,F27,1
F28,105212.0054,69073.09308,98706.42,115241.9575,9270.922617,24408.96958,676.525,228.39,106.2270971,59.24278991,132.5784039,180.8345369,229.2567043,651.0304908,502.7645202,306.7296421,332.2836955,146.2874367,1.276517563,66457890.18,4271.093864,1412.078109,194.5077236,728.2740466,57.06104771,711.2395184,120.0791416,97212.5667,1323.48098,88.59712911,105.6181295,2648.511835,15.32042706,1959.765746,93.49713542,40.74167741,25092.54038,4846.218085,15418.72846,20264.94654,base_mesh,F28,1
F29,122446.6517,38786.1742,216638.1861,157315.436,3661.94128,9654.220716,6426.595,609.43,176.6913725,84.19775217,216.2939911,278.5722468,497.5899292,1456.573978,861.3787737,366.1139324,393.2917527,183.5905725,0.591251627,107432685.2,8177.538677,2616.535668,574.3918715,1544.933363,78.28040303,875.0465359,221.8597012,152160.712,2592.157237,24.3784311,286.5894909,4514.885553,17.38645601,1952.349423,85.77621283,37.54797998,23795.21783,8775.343024,16673.43474,25448.77776,base_mesh,F29,1
F30,24380.25342,34200.99168,109223.4767,108289.067,796.37,2909.97548,0,0,80.63751594,34.98168232,87.49970174,117.4025599,198.6681929,680.1435491,376.5021913,174.0053071,202.0325307,104.6252791,0.484260143,55162143.43,3320.668024,1194.224368,186.4617708,697.4060935,28.48889961,489.872683,79.22285502,77974.86456,1178.557327,15.66704037,30.37675302,2056.98277,18.71951417,1920.61352,107.5453292,38.91478518,26817.01773,4336.94944,5696.022309,10032.97175,base_mesh,F30,1
F31,37410.8728,29661.23946,154311.2786,214602.0831,8118.222305,43617.3911,12086.01808,249.4684661,219.9401277,107.5965642,255.302917,329.6351499,469.2486909,1524.415439,964.6417205,495.7490587,508.9427432,286.6931462,1.48055187,119079209.6,8242.4124,2890.78762,539.2908533,1599.187108,89.97017961,1205.245999,293.696565,177008.5028,2711.522276,179.2653437,326.1475554,5163.646109,17.83736959,1950.839419,81.46355623,39.11092032,23061.071,9297.087267,6062.259266,15359.34653,base_mesh,F31,1
F32,57559.90466,43689.63622,224761.143,304824.5497,5776.785078,13278.27431,2727.016136,1859.68,278.117782,129.2515449,299.8201369,365.2553754,563.9487777,1960.576719,1244.097836,663.4752054,701.1575554,346.9132851,1.023835802,163112320.6,11907.11749,3759.108846,608.0573126,2113.201005,96.17720461,1540.383279,320.6158117,229404.0625,3690.954139,68.15470635,487.9876916,6553.638053,16.27393021,1963.670162,83.75659942,39.82714157,24888.82041,11459.94224,10402.59956,21862.54179,base_mesh,F32,1
F01_F08,92001.96572,176064.1327,137516.4027,543203.5374,2900.5275,23908.39809,1272.25,12397.28029,358.5854873,181.7762583,507.8402847,611.4053747,656.4945087,1917.130898,1438.0329,800.786468,975.8727555,516.7964484,10.65170756,175582860.5,13209.9392,3959.08842,759.9396021,1891.906697,237.8635567,1624.035787,443.1285182,268554.6042,3905.796127,53.2922931,932.2489964,7975.373092,18.95863701,1978.908002,88.73356739,39.94016535,22015.62968,11782.22498,28348.63569,40130.86067,pair_merge,"F01,F08",2
F01_F18,65607.77411,229765.0561,213728.8268,539669.9005,1892.965,15506.06328,6950.9,1825.53,378.3232579,184.7423808,530.9462591,745.2136874,781.5018538,2059.465566,1686.03375,831.050144,1105.245594,534.9587299,14.10682326,223540747,13289.35115,4360.327413,660.4281495,2061.054669,255.8127875,1770.785409,473.4490236,329524.8694,4340.162994,20.16441929,1014.36711,8851.588046,20.8864027,1952.249277,87.0801659,39.78202184,25254.30982,13612.19366,29414.96525,43027.15891,pair_merge,"F01,F18",2
F01_F20,60958.26892,130916.3918,351225.1981,711349.8518,12406.29896,47905.78934,9365.839002,357.695,551.2081568,264.1445968,682.13759,822.1666103,1020.402187,3028.277126,2159.458125,1219.034125,1514.330026,902.4294403,5.433529758,291967592.5,20331.17483,6348.088586,1056.881363,3189.132496,273.3161184,2893.073914,620.9903108,440958.3001,6135.368799,212.7197868,1013.487678,12169.02151,18.71912756,1967.273941,92.29516168,40.84811061,23992.69261,19975.53167,18172.07677,38147.60845,pair_merge,"F01,F20",2
F01_F22,47793.11403,104566.422,216761.5189,633643.6715,8037.151578,56195.16345,2712.580406,232.525,442.6383066,220.5540614,541.0595433,679.4624517,768.5542877,2372.951742,1748.471996,930.3590333,1134.672987,630.9949033,8.694350926,223422937.2,18812.41946,4857.214416,795.4476193,2351.625204,213.5243646,2220.67222,526.4203851,337179.4742,4686.243168,170.9712479,834.9111897,9478.413664,17.35553903,1970.647105,96.55610506,40.13720849,23571.76476,14849.93881,14798.31769,29648.2565,pair_merge,"F01,F22",2
F01_F28,137992.7525,119182.3331,169156.3871,245183.6348,10094.70012,27034.77926,771.78,460.915,215.2753561,112.5201926,282.8534163,345.5451178,433.8048517,1263.222187,943.9340306,539.527949,641.2097074,293.8379171,2.990452818,124851728.8,8386.279577,2652.698144,382.5594258,1336.399935,116.2674773,1286.243519,246.6042252,183388.7005,2553.324875,99.37326871,308.2838359,5074.721179,17.61229714,1966.569567,88.96439536,40.4106653,24602.67754,8818.712469,24034.81416,32853.52663,pair_merge,"F01,F28",2
F01_F29,155227.3988,88895.4142,287088.1532,287257.1132,4485.71878,12280.03039,6521.85,841.955,285.7396315,137.4751549,366.5690035,443.2828277,702.1380766,2068.765674,1302.548284,598.9122393,702.2177646,331.1410529,2.305186882,165826523.8,12292.72439,3857.155702,762.4435736,2153.059251,137.4868326,1450.050536,348.3847848,238336.8458,3822.001132,35.15457071,489.2551973,6941.094896,18.61346432,1960.608169,85.16106241,38.42230665,23890.54267,12747.83741,25289.52045,38037.35785,pair_merge,"F01,F29",2
F02_F03_F04_F05_F17,168374.3181,343133.5322,648513.405,1134032.534,15640.70777,96389.01367,9374.233765,584.7808213,633.7558864,334.1567508,856.3940385,1210.723806,1758.603872,4480.437764,3173.10375,1879.732094,2407.180916,1129.598908,22.18659658,482391408,28851.76013,9585.406792,1603.085879,4986.434156,385.4386585,3893.914956,900.5966171,710954.8973,9342.810129,242.596663,1440.645471,17885.87438,18.38619638,1923.001083,106.2851735,41.19861114,26970.52421,33710.01914,53199.54445,86909.56359,pair_merge,"F02,F03_F04_F05_F17",2
F02_F18,67504.81597,248013.4739,253579.6462,640999.6702,7609.965163,47851.30556,7835.034065,1593.005,415.994803,201.4491011,581.1764844,858.9515469,910.1528853,2444.741976,1947.353687,1054.796076,1355.167059,606.4594365,21.24346339,258000593.6,15538.34888,5250.59575,932.0220107,2584.832111,282.5057489,1913.305518,574.0895238,385881.3622,5182.258755,68.33699492,1428.493906,10397.48652,18.73151996,1938.372678,91.37213935,40.29409126,24813.7464,16509.15446,31318.00807,47827.16253,pair_merge,"F02,F18",2
F02_F30,59058.04236,102558.6495,219524.2632,339560.514,7337.147663,37881.02743,979.3890654,0,227.3573201,104.9658054,288.0049394,395.8510003,531.8673718,1677.611656,1078.991639,630.5495456,760.8800079,323.6764661,9.334835525,148015828.7,9684.851466,3325.112738,646.1073343,1829.309424,114.3882905,1207.396793,306.3884388,220507.4912,3250.496983,74.61575561,647.1692551,6029.090587,16.55133413,1926.748366,100.2311947,40.47679913,24550.27447,11206.40462,16215.15083,27421.55546,pair_merge,"F02,F30",2
F03_F04_F05_F17_F18,166523.5562,454431.6904,681491.4782,1312489.311,10169.11761,74298.21532,15250.4897,2177.785821,756.3110812,395.6376059,1036.560048,1512.778472,2002.3584,4930.243526,3715.478543,2021.439693,2644.653021,1297.955971,25.72890921,554684631.1,31661.74213,10574.2258,1615.816763,5307.459607,496.1456256,4372.172255,1020.354973,811771.0063,10381.18957,193.0362274,1635.554373,20339.14527,19.6527879,1927.607524,102.5055721,40.70220018,27271.77685,36480.26324,63479.29546,99959.5587,pair_merge,"F03_F04_F05_F17,F18",2
F03_F04_F05_F17_F25,177090.116,326252.2309,746834.2875,1262595.048,13166.72224,74009.01173,11441.82717,584.7808213,763.8203455,407.5420817,944.1926295,1322.488897,2028.894994,5354.066136,3645.160462,2035.564579,2588.359353,1272.079744,13.37104186,557828897.6,32194.15868,11010.47565,1647.971548,5769.370316,411.1190416,4781.230595,980.870289,808758.5183,10722.14958,288.3260657,1049.659174,20375.54026,19.09156072,1930.438857,103.2135905,40.73080968,27377.37946,37995.12856,52110.82097,90105.94953,pair_merge,"F03_F04_F05_F17,F25",2
F03_F04_F05_F17_F28,238908.5346,343848.9674,636919.0385,1018003.045,18370.85273,85826.93129,9071.3697,813.1708213,593.2631794,323.4154177,788.4672048,1113.109903,1654.661398,4134.000148,2973.378823,1729.917498,2180.617134,1056.835158,14.61253876,455995612.9,26758.67055,8866.59653,1337.948039,4582.804873,356.6003153,3887.630364,793.510175,665634.8374,8594.351454,272.2450768,929.4710986,16562.2784,18.47300496,1928.104891,106.6005187,41.10465577,27532.17896,31686.78204,58099.14438,89785.92642,pair_merge,"F03_F04_F05_F17,F28",2
F03_F04_F05_F17_F29,256143.1809,313562.0486,754850.8046,1060076.523,12761.87139,71072.18243,14821.4397,1194.210821,663.7274548,348.37038,872.182792,1210.847613,1922.994623,4939.543635,3331.993077,1789.301788,2241.625192,1094.138294,13.92727283,496970407.9,30665.11536,10071.05409,1717.832187,5399.464189,377.8196707,4051.437382,895.2907345,720582.9828,9863.02771,208.0263788,1110.44246,18428.65212,18.76656619,1928.13789,103.3818952,40.28546229,26967.2684,35615.90698,59353.85066,94969.75764,pair_merge,"F03_F04_F05_F17,F29",2
F03_F04_F05_F17_F30,158076.7826,308976.866,647436.0953,1011050.154,9896.300112,64327.93719,8394.8447,584.7808213,567.6735982,299.1543101,743.3885026,1049.677926,1624.072886,4163.113206,2847.116494,1597.193163,2050.36597,1015.173,13.82028134,444699866.2,25808.24471,8648.742789,1329.902086,4551.93692,328.0281672,3666.263529,752.6538883,646397.1353,8449.427801,199.3149881,854.2297222,15970.74934,19.10772815,1921.095081,108.895209,40.88280183,27844.64628,31177.5134,48376.43823,79553.95163,pair_merge,"F03_F04_F05_F17,F30",2
F07_F08,97044.77478,203698.9829,232632.7211,709249.053,5380.661936,55277.39317,3023.940442,14920.54558,533.8302726,260.4492144,688.5489268,838.9843563,995.9283912,3024.385002,2134.269442,1119.477692,1268.394478,751.1283844,16.8171577,256279934,21127.25905,5973.514477,1082.055769,2970.787589,313.6195247,2465.93121,664.9541121,385461.5473,5810.095617,163.41886,1038.617066,11632.21332,17.18861618,1976.94281,86.23856907,39.46038854,22031.91491,17097.82509,31496.88556,48594.71064,pair_merge,"F07,F08",2
F07_F27,85536.65939,115510.5978,406874.4844,587810.482,17423.26799,70635.25499,6348.009671,8739.925296,575.6245387,280.8759426,668.5168361,817.2839183,1139.007486,3618.25023,2312.557032,1226.471144,1442.719689,888.924626,9.756036009,302326761,24228.31417,7068.466294,1101.060816,3752.114564,268.8163065,3223.845931,704.5153183,454288.5172,6816.078478,252.3878159,596.2297632,12979.98748,17.67663762,1965.753507,83.47332873,40.0401216,23291.76061,21279.48335,20222.67149,41502.15484,pair_merge,"F07,F27",2
F07_F28,143035.5616,146817.1832,264272.7055,411229.1504,12574.83455,58403.77434,2523.470442,2984.180296,390.5201414,191.1931488,463.5620584,573.1240994,773.2387342,2370.476291,1640.170572,858.2191731,933.7314296,528.1698532,9.155902957,205548802.3,16303.59943,4667.124201,704.675593,2415.280827,192.0234454,2128.138942,468.429819,300295.6435,4457.624365,209.4998356,414.6519059,8731.561404,15.79660197,1968.008792,85.54387842,39.5744564,23540.89868,14134.31258,27183.06403,41317.37661,pair_merge,"F07,F28",2
F07_F31,75234.42895,107405.3296,319877.5641,510589.276,11422.13424,77612.19586,13932.96352,3005.258763,504.233172,239.5469231,586.2865714,721.9247124,1013.230721,3243.861239,2102.047772,1047.23859,1110.390477,668.5755627,9.359937264,258170121.7,20274.91796,6145.833712,1049.458723,3286.193889,224.9325773,2622.145422,642.0472425,380091.5796,5845.665661,300.1680502,635.1813318,11246.69568,16.88842351,1963.451164,81.79756605,39.08676338,22955.1976,18585.18176,17826.59484,36411.7766,pair_merge,"F07,F31",2
F08_F31,96632.09145,155616.1322,221377.7142,627863.9433,10194.9723,64899.97951,13263.01308,12414.22375,469.4773559,236.0954197,612.8681893,776.3299437,921.1950522,2829.354641,1961.50511,1063.73722,1175.889487,655.9391141,10.41832417,236268231.5,17337.16589,5609.256006,1111.178753,2882.967917,268.6273067,2254.277786,610.2999997,359386.9732,5387.474508,221.7814972,1055.730845,10712.80986,18.00771061,1967.786633,86.29771849,39.51574171,22054.73957,17106.81786,25794.80925,42901.62711,pair_merge,"F08,F31",2
F08_F32,116781.1233,169644.529,291827.5786,718086.4099,7853.535078,34560.86271,3904.011136,14024.43529,527.6550103,257.7504004,657.3854093,811.9501692,1015.895139,3265.515921,2240.961225,1231.463367,1368.104299,716.159253,9.961608105,280301342.5,21001.87098,6477.577231,1179.945213,3396.981813,274.8343317,2589.415066,637.2192464,411782.533,6366.906372,110.6708598,1217.570982,12102.8018,17.23410349,1972.047342,86.98419825,39.85708055,23160.03741,19269.67284,30135.14954,49404.82237,pair_merge,"F08,F32",2
F10_F12,77539.41067,285955.5252,71103.50888,976444.4279,15477.87886,73498.29471,7712.94,15685.79424,855.734892,435.9643525,1035.777372,1323.437793,1207.756636,3069.178725,2674.574409,1496.990639,1597.953088,815.6864551,19.80293909,284663879.1,29905.26512,6597.884236,1486.256565,2781.861673,549.9165401,2612.013118,925.0963336,446668.7076,6274.737747,323.1464893,2390.78689,14532.8573,15.65642502,1976.834849,78.2488417,38.03782686,19587.60574,16491.49989,34290.30851,50781.80841,pair_merge,"F10,F12",2
F10_F13,82790.2449,306856.5509,85025.6652,1116041.509,12305.6775,64413.50777,8994.165922,15464.1792,925.7602821,472.6435494,1211.89456,1646.620373,1272.007475,3019.146298,3017.933204,1782.632568,2103.638497,824.0353737,56.4913831,315545111.6,28057.20137,7125.045225,1680.976564,2869.629551,716.7996197,3016.430936,996.9754523,513564.4432,6853.303165,271.7420603,2678.730097,16332.80356,19.33223541,1982.29711,78.27446734,38.51161811,19319.7151,17796.65093,38996.28614,56792.93707,pair_merge,"F10,F13",2
F10_F14,84004.5749,247090.2912,64260.3952,725179.4758,18318.4875,68174.4482,7149.17,49849.1042,575.0095609,277.1364324,721.2720096,953.9495237,827.3217793,2073.449937,1865.731097,1100.313952,1220.786032,603.0340734,24.86786465,205251827.6,21916.85599,4596.101313,963.1758148,1906.879369,411.5509441,1887.960265,610.5064546,327219.8823,4334.502381,261.5989324,1623.962974,10242.87226,16.00447424,1980.629327,85.58028689,38.78519376,20038.5031,12497.1612,35995.70964,48492.87084,pair_merge,"F10,F14",2
F10_F25,103990.2617,117765.7628,271370.4592,827963.0487,14979.98963,54775.62821,10196.15247,15067.3142,686.6371403,337.9425008,788.3852216,1054.349645,1211.560551,3419.174872,2546.85378,1378.969792,1583.352644,784.4465801,16.31195966,320193921.6,26742.12376,6909.581038,1110.813587,3313.088899,368.7583253,3087.374351,752.5985603,474299.6668,6591.323685,318.257353,1247.134159,13807.98469,17.47289761,1967.71206,84.71506105,39.17336479,23189.04089,20043.06463,23084.03097,43127.09561,pair_merge,"F10,F25",2
F12_F13,39136.30577,460233.2637,30631.59368,1156227.76,5957.161357,53542.64609,2408.765922,1015.345042,961.7894198,519.4618081,1247.509146,1641.785936,1263.62361,2992.168237,2947.89237,1746.43707,2014.938124,793.8927134,43.74044418,296403497.2,23891.38296,7015.681838,1954.668419,2854.992405,752.359057,2663.37485,1031.753177,492306.3123,6847.951758,167.7300795,3026.86108,16173.23888,18.79360931,1981.10965,77.06305278,37.96711315,18326.78658,16511.15075,45979.34281,62490.49356,pair_merge,"F12,F13",2
F12_F14,40350.63577,400467.0039,9866.323677,765365.7274,11969.97136,57303.58652,563.77,35400.27004,611.0386986,323.954691,756.8865953,949.1150869,818.9379137,2046.471877,1795.690263,1064.118454,1132.085659,572.891413,12.11692573,186110213.2,17751.03758,4486.737926,1236.86767,1892.242224,447.1103815,1534.904179,645.2841791,305961.7514,4329.150974,157.5869516,1972.093957,10083.30758,15.43564465,1979.129615,83.75283631,37.91615791,18457.25837,11211.66103,42978.76631,54190.42734,pair_merge,"F12,F14",2
F13_F14,45601.47,421368.0296,23788.48,904962.8082,8797.77,48218.79957,1844.995922,35178.655,681.0640888,360.6338879,933.003784,1272.297667,883.1887535,1996.439449,2139.049059,1349.760383,1637.771068,581.2403317,48.80536974,216991445.6,15902.97383,5013.898914,1431.587669,1980.010102,613.9934611,1939.321997,717.1632979,372857.487,4907.716392,106.1825226,2260.037164,11883.25384,19.63515586,1985.073484,82.95437183,38.58578401,18260.27185,12516.81207,47684.74393,60201.556,pair_merge,"F13,F14",2
F15_F16,28082.54275,154337.8246,153485.3799,765032.2139,16560.02396,72782.70951,4265.172307,6018.755754,442.4542237,224.5521042,470.3475428,638.4929571,846.0421473,2430.890483,1626.540019,1016.733569,1197.277176,715.4389073,4.374753585,225011442.3,23979.89948,5007.271954,890.1816935,2536.444251,226.8041575,2311.00908,497.3251157,339278.1541,4692.848304,314.4236492,922.8302764,9613.143883,13.52123788,1970.477755,104.9100492,40.97416256,23406.64459,15712.06054,16803.10602,32515.16656,pair_merge,"F15,F16",2
F15_F18,42279.66175,236593.5318,239495.3243,882404.619,8319.025348,44629.405,9168.776678,2463.995,522.5737752,257.5933691,646.3307667,933.7192925,1047.665914,2902.067446,2217.988818,1186.240692,1527.021219,832.596558,16.14491264,307357463.2,19158.42205,6107.738802,906.741725,2970.777155,307.5383887,2702.055602,609.5345713,452507.0844,5914.876737,192.8620656,1152.628911,12089.94276,17.08056059,1953.577296,97.20936208,40.57884557,25422.57389,19099.26776,26692.07612,45791.34387,pair_merge,"F15,F18",2
F15_F20,37630.15656,137744.8676,376991.6956,1054084.57,18832.35931,77029.13106,11583.71568,996.16,695.4586741,336.9955851,797.5220976,1010.672215,1286.566247,3870.879006,2691.413193,1574.224673,1936.105652,1200.067268,7.471619135,375784308.8,26200.24573,8095.499975,1303.194938,4098.854982,325.0417195,3824.344107,757.0758585,563940.5152,7710.082542,385.4174331,1151.749479,15407.37623,15.96047842,1964.988247,99.14729499,41.24929376,24389.89632,25462.60577,15449.18764,40911.79341,pair_merge,"F15,F20",2
F18_F28,138039.0324,248728.9091,241985.2797,524970.1807,10340.11012,37289.22318,7532.17,1821.395,375.502096,190.707768,513.2496506,761.3376434,806.2104108,2098.30436,1747.62876,904.9814792,1128.603278,533.6956862,13.66940557,231604798.5,13445.25931,4531.785488,666.8841709,2181.202827,253.6674056,1907.020927,467.0030817,340561.3023,4433.800079,97.98540879,917.3195334,9073.890538,18.91847755,1949.10281,89.77238488,39.99065649,25524.31039,14485.91736,36217.608,50703.52536,pair_merge,"F18,F28",2
F20_F22,43189.88879,135264.3338,427086.7828,1085110.169,18795.89554,98849.33344,11887.90941,125.17,775.7499454,378.1438527,922.6471086,1172.2079,1379.86018,4176.845476,3025.591101,1683.796544,2031.150989,1238.323383,10.70001017,398602852.5,30913.22287,8724.062933,1476.225578,4324.505924,368.4276238,3963.738133,894.3605287,605785.5068,8361.924177,362.1387555,1443.067455,16795.01649,17.2020236,1966.318018,97.09178026,40.67769234,23733.40049,26880.48172,15738.22304,42618.70476,pair_merge,"F20,F22",2
F20_F25,71571.10862,132283.5083,489396.9,941242.135,15649.31358,57871.02968,12317.56648,125.17,718.9441609,354.236648,820.1664063,1047.66956,1419.34434,4287.18191,2892.834774,1598.612541,1945.429929,1116.410982,3.754615164,401864928.8,25922.57112,8663.425777,1373.360893,4495.846098,325.6894627,3922.909662,801.9044829,595118.4139,8356.804012,306.6217651,1036.628177,16204.58587,18.40714985,1961.49339,92.83878408,40.54061072,24799.4569,27157.60189,18986.39612,46143.998,pair_merge,"F20,F25",2
F22_F23,28995.42774,143566.0574,220915.5623,850899.1537,8464.609078,93846.98165,3752.290406,0,601.9694814,300.2237302,711.3180717,923.307602,942.0637998,2969.485504,2253.616702,1195.763747,1367.607341,824.0968307,10.97303866,268751562.2,24505.83903,6182.596055,1103.770759,3026.135729,309.2356209,2690.033006,736.6188281,415059.8207,5958.010043,224.5860124,1284.287637,12100.42585,15.9288329,1969.989008,97.07819555,39.77228414,22210.09124,18058.79105,15034.43926,33093.23031,pair_merge,"F22,F23",2
F25_F27,91106.69004,89242.86414,449929.8679,651657.2496,18186.14818,49231.50025,7548.046702,5984.135,568.1157576,292.2950376,625.8370103,815.2078866,1198.515756,3769.900909,2349.697138,1287.358336,1581.297869,868.5742319,1.911671275,331527023.7,21902.39061,7369.377429,1095.424179,3979.947273,245.4336828,3411.786256,663.6038966,491541.6879,7133.214201,236.1632274,513.0021918,13358.7116,18.98934866,1957.599133,87.530363,40.35633275,24817.29029,23145.95346,17888.74097,41034.69443,pair_merge,"F25,F27",2
F25_F28,148605.5922,120549.4496,307328.089,475075.918,13337.71474,37000.01959,3723.507473,228.39,383.0113602,202.6122438,420.8822326,571.0480676,832.7470048,2522.12697,1677.310679,919.106365,1072.30961,507.8194591,1.311538224,234749065,13977.67586,4968.035335,699.0389558,2643.113537,168.6408216,2316.079267,427.5183974,337548.8143,4774.760088,193.2752471,331.4243346,9110.28553,17.52325153,1957.828518,91.40676641,40.0574854,25767.47614,16000.78269,24849.13351,40849.91619,pair_merge,"F25,F28",2
F25_F29,165840.2385,90262.53072,425259.8551,517149.3965,7728.733406,22245.27073,9473.577473,609.43,453.4756357,227.5672061,504.5978198,668.7857776,1101.08023,3327.670457,2035.924932,978.4906553,1133.317667,545.1225949,0.626272288,275723860,17884.12067,6172.492894,1078.923104,3459.772853,189.860177,2479.886284,529.2989569,392496.9596,6043.436345,129.0565491,512.395696,10976.65925,18.21388665,1954.709642,88.58644819,38.86019758,25119.10535,19929.90762,26103.83979,46033.74741,pair_merge,"F25,F29",2
F25_F30,67773.84021,85677.34819,317845.1457,468123.0275,4863.162126,15501.02549,3046.982473,0,357.4217791,178.3511362,375.8035304,507.6160907,802.1584934,2551.240029,1551.04835,786.38203,942.0584448,466.1573015,0.519280804,223453318.3,13027.25002,4750.181594,690.993003,2612.245584,140.0686736,2094.712432,386.6621107,318311.1121,4629.836435,120.3451583,256.1829581,8518.756466,18.83823778,1946.163063,94.65376363,39.56884539,26230.74379,15491.51404,15126.42736,30617.9414,pair_merge,"F25,F30",2
F27_F32,105273.0079,81456.14385,466069.3419,596647.8388,19896.14113,49918.72454,7228.080365,7843.815,569.4492764,278.1771286,637.3533186,790.2497312,1158.974234,3859.381149,2419.248815,1338.456818,1542.429511,853.9554946,2.900486417,326348169.4,24102.9261,7572.529048,1198.950259,4178.308788,230.0311134,3347.329786,676.7804526,480609.5029,7372.889233,199.6398158,775.1836784,13450.57596,17.70991967,1961.073353,84.24099046,40.37678147,24262.76543,23451.3311,18860.93547,42312.26657,pair_merge,"F27,F32",2
F28_F29,227658.6571,107859.2673,315344.6061,272557.3935,12932.8639,34063.19029,7103.12,837.82,282.9184696,143.4405421,348.8723951,459.4067837,726.8466335,2107.604469,1364.143294,672.8435744,725.5754483,329.8780092,1.86776919,173890575.4,12448.63254,4028.613777,768.8995951,2273.20741,135.3414507,1586.286054,341.9388428,249373.2787,3915.638217,112.9755602,392.2076204,7163.397388,16.49357653,1955.554549,88.6308576,38.72878079,24274.87489,13621.56111,32092.1632,45713.72431,pair_merge,"F28,F29",2
F28_F30,129592.2588,103274.0848,207929.8967,223531.0245,10067.29262,27318.94506,676.525,228.39,186.864613,94.22447223,220.0781057,298.2370968,427.9248972,1331.17404,879.2667116,480.7349492,534.3162262,250.9127158,1.760777707,121620033.6,7591.761888,2606.302477,380.9694944,1425.68014,85.54994731,1201.112201,199.3019967,175187.4313,2502.038307,104.2641695,135.9948825,4705.494605,16.67402811,1944.174355,99.6382311,39.94306086,25846.38679,9183.167526,21114.75077,30297.91829,pair_merge,"F28,F30",2
F29_F30,146826.9051,72987.16588,325861.6629,265604.503,4458.31128,12564.1962,6426.595,609.43,257.3288885,119.1794345,303.7936929,395.9748067,696.2581222,2136.717527,1237.880965,540.1192395,595.3242834,288.2158517,1.075511771,162594828.6,11498.2067,3810.760036,760.8536423,2242.339457,106.7693026,1364.919219,301.0825562,230135.5766,3770.714564,40.04547147,316.9662439,6571.868323,17.83296929,1941.719353,92.58990646,37.97578751,24741.03568,13112.29246,22369.45705,35481.74951,pair_merge,"F29,F30",2
F29_F31,159857.5245,68447.41366,370949.4647,371917.5191,11780.16358,53271.61181,18512.61308,858.8984661,396.6315002,191.7943164,471.5969081,608.2073967,966.8386201,2980.989417,1826.020494,861.862991,902.234496,470.2837187,2.071803498,226511894.8,16419.95108,5507.323288,1113.682725,3144.120472,168.2505826,2080.292535,515.5562662,329169.2148,5303.679513,203.6437748,612.7370463,9678.531662,17.6000628,1951.634104,83.47534393,38.38183279,23403.53916,18072.43029,22735.694,40808.1243,pair_merge,"F29,F31",2
F29_F32,180006.5564,82475.81043,441399.3291,462139.9857,9438.726358,22932.49502,9153.611136,2469.11,454.8091545,213.449297,516.1141281,643.8276222,1061.538707,3417.150697,2105.476609,1029.589138,1094.449308,530.5038576,1.615087429,270545005.8,20084.65617,6375.644514,1182.449184,3658.134368,174.4576076,2415.429815,542.4755129,381564.7745,6283.111376,92.53313746,774.5771825,11068.52361,16.78470962,1958.472619,84.58040607,38.8974644,24442.73648,20235.28526,27076.03429,47311.31956,pair_merge,"F29,F32",2
F31_F32,94970.77747,73350.87568,379072.4216,519426.6329,13895.00738,56895.6654,14813.03422,2109.148466,498.0579097,236.8481091,555.1230539,694.8905253,1033.197469,3484.992158,2208.739556,1159.224264,1210.100299,633.6064313,2.504387672,282191530.1,20149.52989,6649.896466,1147.348166,3712.388113,186.1473842,2745.629277,614.3123767,406412.5653,6402.476416,247.4200501,814.135247,11717.28416,16.95109384,1958.112855,82.74608679,39.51151271,24083.35637,20757.02951,16464.85882,37221.88833,pair_merge,"F31,F32",2
